Страна ,Название сервиса,|,Тип сервиса (услуги),|,Регистрационный номер,|,Область применения,|,Тип технологии,|,Ключев. характеристики,|,Статус использования,|,Доступность,|,Научная база,|,,|,ПРИМЕЧАНИЕ ,Страна Разработчика
China,PVmed Medical Image Processing System,|,ИИ-сервисы для диагностики,|,NMPA 20202211229 ,|,"Рентген, Общий анализ",|,ИИ,|,1. Включает функции отслеживания и объединения изображений. 2.  Клиент-серверная архитектура. Устанавливается с установочного компакт-диска 3. Включает модуль управления шаблонами.,|,Используется,|,"Частные клиники, государственные больницы     ",|,1) https://www.pvmedtech.com/en/news/13.html,|,,|,https://www.pvmedtech.com/en/about.html,"Китай (Shanghai United Imaging Intelligence Co., Ltd.)"
China,PVmed iCurve,|,Программное обеспечение для автоматического контурирования,|,NMPA 20253210066,|,КТ головы и шеи,|,Компьютерное зрение,|,"Точность (Ствол мозга): Разница объемов (ΔV%) = 6.01%±17.77, Расстояние Хаусдорфа (HD) = 7.74±3.05 мм, Коэффициент сходства Дайса (DSC) = 0.81±0.05. Время обработки: ~30 секунд на структуру. Особенности: Имеет тенденцию к переоценке объема (положительный ΔV%).",|,Используется,|,"Частные клиники, государственные больницы",|,"1) WANG Mina, HUO Xinyingb, SHI Feiyuea, et al. Comparison Study of Three Softwares for Automatic Delineation of Brain Stem Structure of Patients with Head and Neck Neoplasms[J]. China Medical Devices, 2023, 38(7): 7-11 https://doi.org/10.3969/j.issn.1674-1633.2023.07.002",|,,|,https://www.pvmedtech.com/en/pdRadiotherapy.html ,"Китай (Shanghai United Imaging Intelligence Co., Ltd.)"
China,PVmed iVision,|,ИИ-сервисы для диагностики,|,NMPA 20252210432,|,"Рентген, Общий анализ",|,Компьютерное зрение,|,"1. Импорт, отображение и обработка DICOM-изображений и 3D-моделей в формате STL. 2. Архитектура ""Браузер-Сервер"" (B/S). Состоит из двух основных модулей: клиент реконструкции и система управления. Поставляется в виде программных файлов (установщик, файл авторизации, внешние программные среды). 3. Включает модуль ""управления общедоступными наборами данных"". ",|,Используется,|,"Частные клиники, государственные больницы",|,1) https://www.linkedin.com/products/perception-vision-pvics/,|,,|,https://www.pvmedtech.com/en/about.html,"Китай (Shanghai United Imaging Intelligence Co., Ltd.)"
China,PVmed iDose,|,ИИ-сервисы для диагностики,|,NMPA 20223210068,|,"КТ, МРТ",|,Компьютерное зрение,|,"1. Рисование контуров (сегментация) опухолей и органов риска. Выполняет объединение изображений, анализ доз облучения и статистический анализ распределения доз. 2. Клиент-серверная архитектура. Поставляется на компакт-диске. 3. Включает модуль ""управления общедоступными наборами данных"", что может подразумевать наличие предустановленных шаблонов или моделей.",|,Используется,|,"Частные клиники, государственные больницы",|,1) https://www.pvmedtech.com/en/pdRadiotherapy.html,|,,|,https://www.pvmedtech.com/en/about.html,"Китай (Shanghai United Imaging Intelligence Co., Ltd.)"
China,AVW,|,"Сервис поддерживающий виртуальную эндоскопию, стоматологическую стоматологию, анализ сосудов, толстую кишку, перфузию, анализ узелков в легких, оценку опухоли, анализ плотности легких, коронарный анализ, оценку кальция, анализ сердечной функции, анализ жира, перфузию миокарда, плотность костной ткани, анализ печени",|,NMPA 20172210138,|,"Рентген, Общий анализ",|,Компьютерное зрение,|,1. Печать пленки. Диагностические отчеты. Настройки инструмента. 2. Поставляется на компакт-диске с использованием электронного ключа защиты.,|,Используется,|,"Частные клиники, государственные больницы",|,1) https://tahlilparto.ir/avw/,|,,|,https://neusoftmedical.com/index.html,"Китай (Shenzhen Anke High-tech Co., Ltd.)"
China,uAI-CTMIPS,|,Сервис для анализа изображений КТ-перфузий миокарда,|,NMPA 20232210338,|,КТ сердца,|,Компьютерное зрение,|,"1. Специализируется на обработке данных КТ-перфузии миокарда (CTP) и КТ с отсроченным контрастным усилением (CT-LIE). Выполняет многоплоскостную реконструкцию (MPR) последовательностей CTP и CT-LIE. Генерирует временно-интенсивностные кривые (TAC) и полярные карты (""яблочко"") для данных перфузии. 2. Реконструирует параметрические карты перфузии. 3. Имеет клиент-серверную архитектуру (браузерная и серверная части). Поставляется через U-диск (USB-носитель).",|,Используется,|,"Частные клиники, государственные больницы",|,1) http://www.jumuyl.com/goods/info/id/113031.html,|,,|,https://usa.united-imaging.com/,"Китай (Shanghai United Imaging Intelligence Co., Ltd.)"
China,uAI-CloudPortal,|,"Сервис для МРТ-реконструкции изображений КТ, ПЭТ данных головы и шеи",|,NMPA 20212210573,|,"КТ, МРТ, ПЭТ головы и шеи",|,Компьютерное зрение,|,"1. Поддерживает MPR-реконструкцию для КТ, МРТ и ПЭТ изображений. 2. Выполняет 3D-визуальную реконструкцию данных КТ-ангиографии головы и шеи. 3. Предоставляет функцию ручной разметки изображений. 4. Независимое программное обеспечение со стандартной сетевой архитектурой.",|,Используется,|,"Частные клиники, государственные больницы",|,1) https://www.nmpa.gov.cn/datasearch/search-info.html?nmpa=aWQ9ZTkyZDQyNDliMTJiNzgxOGY5MjAyNjg2MTI5YTE0YjAmaXRlbUlkPWZmODA4MDgxODNjYWQ3NTAwMTgzY2I2NmZlNjkwMjg1,|,,|,https://usa.united-imaging.com/,"Китай (Shanghai United Imaging Intelligence Co., Ltd.)"
China,uAI-CTA-HeadNeckVessels,|,Программное обеспечение для сегментации сосудов головы и шеи и вспомогательного обнаружения аневризмы,|,NMPA 20243211923,|,"КТ голова, шея",|,ИИ,|,"1. Автоматизация: Полностью автоматизирует постобработку (VR, MIP, CPR) и обнаружение аневризм. 2. Архитектура: Состоит из модуля обнаружения (ADM) на основе каскадной FPN и модуля сегментации (ASM) на основе VB-Net. 3. Эффективность: Сокращает время постобработки на 90.8% и время анализа изображений на 37.2%. 4. Точность: Значительно повышает чувствительность и AUC радиологов, особенно для аневризм < 3 мм.",|,Используется,|,"Частные клиники, государственные больницы",|,"1) Enhancing Radiologists’ Performance in Detecting Cerebral Aneurysms Using a Deep Learning Model: A Multicenter Study / L. Zhuo, Y. Zhang, Z. Song [et al.] // Acad. Radiol. – 2025. – Vol. 32, № 3. – P. 1611–1620.",|,,|,https://usa.united-imaging.com/,"Китай (Shanghai United Imaging Intelligence Co., Ltd.)"
China,uAI-BrainImaging-MRI,|,Сервис для количественного анализ МРТ головного мозга,|,NMPA 20202210138,|,МРТ головного мозга,|,Компьютерное зрение,|,"Автоматическое измерение объема мозга, желудочков и внежелудочковой ЦСЖ",|,Используется,|,"Частные клиники, государственные больницы",|,"1) An artificial-intelligence-based age-specific template construction framework for brain structural analysis using magnetic resonance images / D. Gu, F. Shi, R. Hua [и др.] // Hum. Brain Mapp. – 2023. – Т. 44, № 3. – С. 861–875. 2) Association between perivascular spaces, DTI-derived Indices, and choroid plexus with ventriculomegaly and white matter hyperintensity in idiopathic normal pressure hydrocephalus / W. He, X. Zhou, Z. Chen [et al.] // Neurosurg. Rev. – 2025. – Vol. 48, № 1. – P. 701.",|,,|,https://usa.united-imaging.com/,"Китай (Shanghai United Imaging Intelligence Co., Ltd.)"
China,uAI-PioneerChest,|,Программное обеспечение для обнаружения узелков в лёгких,|,NMPA 20233211594,|,КТ грудной клетки ,|,ИИ,|,"1. Выполняет трехмерную реконструкцию, обработку, измерение и анализ изображений. 2. Использует алгоритмы на основе глубокого обучения (серверная часть). Имеет клиент-серверную архитектуру с модулями для анализа данных и генерации отчетов. 3. Автоматически идентифицирует легочные узлы размером от 4 мм и выше.",|,Используется,|,"Частные клиники, государственные больницы",|,1) https://arxiv.org/html/2411.07378v2,|,,|,https://usa.united-imaging.com/,"Китай (Shanghai United Imaging Intelligence Co., Ltd.)"
China,uAI-XRImaging,|,"Программное обеспечение для просмотра, обработки и вычисления длины, прямоугольной площади и кардиоторакального соотношения медицинских изображений",|,NMPA 20202210126,|,Рентген,|,Компьютерное зрение,|,"1. Выполняет базовые операции с изображениями: панорамирование, масштабирование, настройка окон (ширина/уровень), переворот. Проводит измерения: длина, площадь прямоугольника, кардиоторакальное соотношение. 2. Автономное (standalone) программное обеспечение. Поставляется в виде загрузки через FTP.",|,Используется,|,"Частные клиники, государственные больницы",|,1) https://m.qxw18.com/cp/nlYhdkUSBN.html,|,,|,https://usa.united-imaging.com/,"Китай (Shanghai United Imaging Intelligence Co., Ltd.)"
China,uAI-Aortic Dissection,|,"Программное обеспечение для отображения, обработки и анализа изображений компьютерной томографии аорты у взрослых и может подсказать для сортировки предполагаемых случаев острого расслоения аорты.",|,NMPA 20243212363,|,КТ аорты,|,ИИ,|,"1. Используется для отображения, обработки и анализа изображений компьютерной томографии аорты. 2. Использует алгоритмы глубокого обучения (серверная часть) для анализа. 3. редназначен для помощи в оценке взрослых пациентов с подозрением на острое расслоение аорты.",|,Используется,|,"Частные клиники, государственные больницы",|,1) https://www.nmpa.gov.cn/datasearch/search-info.html?nmpa=aWQ9ZGU4MTkwZDdhYTg5NmQ0YWRjZjg4YmUyYmU3MTNhYmMmaXRlbUlkPWZmODA4MDgxODNjYWQ3NTAwMTgzY2I2NmZlNjkwMjg1,|,,|,https://usa.united-imaging.com/,"Китай (Shanghai United Imaging Intelligence Co., Ltd.)"
China,uAI-CoronaryCTA,|,"Программное обеспечение  для анализа изображений КТ-ангиографии аорты у взрослых, а также может быть использован для сортировки пациентов с подозрением на острое расслоение аорты.",|,NMPA 20233211066,|,КТ-ангиография,|,Компьютерное зрение,|,"1. Оценка нагрузки и характеристик бляшек (кальцинированные/некальцинированные). 2. Выявление признаков высокого риска (низкоаттенюационная бляшка, положительное ремоделирование и др.). 3. Оценка стенок сосудов (утолщение, аневризмы). 4. Измерение индекса аттенюации периваскулярной жировой ткани (FAI) для оценки воспаления.",|,Используется,|,"Частные клиники, государственные больницы",|,"1) Zhang, T, Du, J, Zhang, H. et al. Coronary Artery Vasculitis: A Nightmare Complicating Percutaneous Coronary Intervention. J Am Coll Cardiol Case Rep. 2025 Sep, 30 (29) . https://doi.org/10.1016/j.jaccas.2025.105062",|,,|,https://usa.united-imaging.com/,"Китай (Shanghai United Imaging Intelligence Co., Ltd.)"
China,uAI-ProstateMR,|,Сервис для автоматического очерчивания раковых очагов у взрослых пациентов с диагностированным раком предстательной железы,|,NMPA 20253211569,|,МРТ,|,Компьютерное зрение,|,"1. Повышение чувствительности: Помощь ИИ повысила чувствительность на уровне очагов с 67.3% до 85.5%.
2. Высокая точность AI standalone: AFROC-AUC = 83.1%, чувствительность на уровне очагов = 88.4%.
3. Особенная польза для мелких очагов: Наибольшее улучшение чувствительности (на 36.1%) было для очагов размером ≤1 см.
4. Интеграция в рабочий процесс: Предоставляет автоматические контуры предполагаемых очагов, которые рентгенолог может просматривать и редактировать.",|,Используется,|,"Частные клиники, государственные больницы",|,"1) Enhanced Detection of Prostate Cancer Lesions on Biparametric MRI Using Artificial Intelligence: A Multicenter, Fully-crossed, Multi-reader Multi-case Trial / Z. Xing, J. Chen, L. Pan [et al.] // Acad. Radiol. – 2025. – Vol. 32, № 10. – P. 5954–5963.",|,,|,https://usa.united-imaging.com/,"Китай (Shanghai United Imaging Intelligence Co., Ltd.)"
China,uAI-JointImaging-МРТ,|,"Программное обеспечение для отображения, просмотра и обработки данных МРТ костей и суставов, а также для оценки объема костей и суставов.",|,NMPA 20202210141,|,МРТ костей,|,Компьютерное зрение,|,"1. Выполняет базовые операции с изображениями: регулировка окна (ширина/уровень), настройка прозрачности, работа с кистью и ластиком. Проводит измерения: оценка объема костей и суставов. 2. Автономное (standalone) программное обеспечение. Поставляется в виде загрузки через FTP.",|,Используется,|,"Частные клиники, государственные больницы",|,1) https://www.nmpa.gov.cn/datasearch/search-info.html?nmpa=aWQ9YzliOGY1NThjMmYyNWQ2OGRhYjcxYWY4NWY5YjMxOGEmaXRlbUlkPWZmODA4MDgxODNjYWQ3NTAwMTgzY2I2NmZlNjkwMjg1,|,,|,https://usa.united-imaging.com/,"Китай (Shanghai United Imaging Intelligence Co., Ltd.)"
China,uAI-CMR,|,"Программное обеспечение для обработку и отображение данных МР-изображений сердца в соответствии со стандартами DICOM 3.0 (расчет параметров функции сердца, разделение левого и правого желудочков желудочков, сегментация эпикардиомембран).",|,NMPA 20242210018,|,МРТ сердца,|,Компьютерное зрение,|,1. Выполняет расчет параметров сердечной деятельности. Проводит сегментацию внутренней и наружной мембран левого и правого желудочков. 2. Имеет клиент-серверную архитектуру (браузерная и серверная части). 3. Поставляется через U-диск (USB-носитель).,|,Используется,|,"Частные клиники, государственные больницы",|,1) https://www.nmpa.gov.cn/datasearch/search-info.html?nmpa=aWQ9Yzg0YjZhMDkxNDkyNmM2NGI4YzI2NmE4ZGEyOTUwNTEmaXRlbUlkPWZmODA4MDgxODNjYWQ3NTAwMTgzY2I2NmZlNjkwMjg1,|,,|,https://usa.united-imaging.com/,"Китай (Shanghai United Imaging Intelligence Co., Ltd.)"
China,uAI-MI,|,"Программное обеспечение для импорта, отображения, MIP-реконструкции ПЭТ-последовательностей и ПЭТ-КТ-фьюжн-МПР реконструкции ПЭТ-последовательностей для медицинских учреждений для выполнения данных ПЭТ-КТ-изображений в соответствии с DICOM3.0.",|,NMPA 20232210065,|,"ПЭТ, ПЭТ-КТ",|,ИИ,|,"1. Выполняет MIP-реконструкцию ПЭТ-последовательностей. Выполняет MPR-реконструкцию и слияние (фьюжн) ПЭТ-КТ изображений. 2. Использует архитектуру ""браузер-сервер"" (B/S). Поставляется на USB-флеш-накопителе с физическим ключом защиты.",|,Используется,|,"Частные клиники, государственные больницы",|,"1) https://healthairegister.com/radiology/products/uai-mi-oncology-petct-computer-aided-diagnostic-software
2) https://www.linkedin.com/posts/uii-america-inc_cecertification-cancercare-unitedimagingintelligence-activity-7217528192914313217-90cV/",|,,|,https://usa.united-imaging.com/,"Китай (Shanghai United Imaging Intelligence Co., Ltd.)"
China,uAI-BoneCare,|,Программное обеспечение для автоматического обнаружения и классификации переломов ребер на КТ-изображениях грудной клетки.,|,NMPA 20203210862,|,КТ костей,|,Компьютерное зрение,|,"Высокая точность (Accuracy: 98.9%), чувствительность (Sensitivity: 95.7%), специфичность (Specificity: 99.7%). Низкая частота пропущенных диагнозов (Missed diagnosis rate: 0.3%) и ложных срабатываний (Misdiagnosis rate: 4.2%). Автоматическая сегментация и нумерация ребер, обнаружение и разметка мест переломов, классификация типа перелома (свежий, со смещением, заживающий, старый). Значительно повышает эффективность диагностики рентгенологов, особенно в области 1-9 ребер.",|,Используется,|,"Частные клиники, государственные больницы",|,"1) 王雄慧. Research on the Application of Artificial Intelligence Software in Rib Fracture Diagnosis / 王雄慧 // Adv. Clin. Med. – 2022. – Т. 12, № 01. – С. 404–411.
2) AI-assisted radiologists vs. standard double reading for rib fracture detection on CT images: A real-world clinical study / L. Sun, Y. Fan, S. Shi [et al.] // PLOS ONE. – 2025. – Vol. 20, № 1. – P. e0316732.",|,,|,https://usa.united-imaging.com/,"Китай (Shanghai United Imaging Intelligence Co., Ltd.)"
China,uAI-MammoCare,|,"Программное обеспечение для отображения, обработки, измерения и анализа рентгеновских изображений молочной железы у взрослых женщин, которые могут помочь в обнаружении некоторых поражений молочной железы (подозрительная кальцинация, уплотнения, структурные искажения)        ",|,NMPA 20243212113,|,Маммография,|,Компьютерное зрение,|,"1. Автоматически идентифицирует и локализует подозрительные образования: кальцинаты, бугорки (уплотнения) и структурные искажения. 2. Использует алгоритмы, основанные на глубоком обучении (серверная часть). ",|,Используется,|,"Частные клиники, государственные больницы",|,1) https://m.qxw18.com/cp/wCePxvXBZg.html,|,,|,https://usa.united-imaging.com/,"Китай (Shanghai United Imaging Intelligence Co., Ltd.)"
China,uAI-PulmonaryEmbolism,|,"Программное решение для отображения, обработки, измерения и анализа изображений КТ-ангиографии легочной артерии, которые могут сортировать взрослые случаи с подозрением на острую тромбоэмболию легочной артерии",|,NMPA 20243211866,|,КТ грудной клетки ,|,Компьютерное зрение,|,"1. Используется для отображения, обработки, измерения и анализа изображений КТ легочной артерии. 2. Использует алгоритмы глубокого обучения как в браузерной, так и в серверной части. 3.  Предназначен для помощи в оценке взрослых пациентов с подозрением на острую ТЭЛА.",|,Используется,|,"Частные клиники, государственные больницы",|,1) https://www.nmpa.gov.cn/datasearch/search-info.html?nmpa=aWQ9OTY3YjU2ZjIwNDkzZDEyYzUxMTE0NjE2MjIxNmFiNTcmaXRlbUlkPWZmODA4MDgxODNjYWQ3NTAwMTgzY2I2NmZlNjkwMjg1,|,,|,https://usa.united-imaging.com/,"Китай (Shanghai United Imaging Intelligence Co., Ltd.)"
China,uAI-Discover-NCP,|,"Программное обеспечение, предназначенное для идентификации поражений пневмонией на изображениях КТ лёгких, а также может использоваться для помощи в сортировке взрослых пациентов с подозрением на пневмонию нового коронавируса и оценке состояния пациентов с подтвержденным диагнозом.",|,NMPA 20213210607,|,КТ грудной клетки ,|,Компьютерное зрение,|,"Автоматическое определение и разметка поражений. Расчёт общего объёма поражений, объёма GGO (матового стекла) и зон консолидации. 3D-реконструкция. Поддержка пакетной обработки. Интеграция с PACS.",|,Используется,|,"Частные клиники, государственные больницы",|,"1) The communication of artificial intelligence and deep learning in computer tomography image recognition of epidemic pulmonary infectious diseases / W. Wang, X. Zhao, Y. Jia, J. Xu // PLOS ONE. – 2024. – Vol. 19, № 2. – P. e0297578.",|,,|,https://usa.united-imaging.com/,"Китай (Shanghai United Imaging Intelligence Co., Ltd.)"
China,uAI-LungImaging,|,"Программное обеспечение для анализа КТ грудной клетки, совместимым с DICOM.",|,NMPA 20192210281,|,КТ грудной клетки ,|,Компьютерное зрение,|,"1. Программное обеспечение для просмотра, отображения, обработки изображений и составления отчетов для КТ грудной клетки. 2. Поставляется путем загрузки через FTP.",|,Используется,|,"Частные клиники, государственные больницы",|,1) https://m.qxw18.com/cp/IldEMMVQJU.html,|,,|,https://usa.united-imaging.com/,"Китай (Shanghai United Imaging Intelligence Co., Ltd.)"
China,uAI-AbdomenImaging-MRI,|,"Программное обеспечение для отображения, просмотра и обработки данных МРТ изображений брюшной полости в соответствии со стандартами DICOM3.0, а также для оценки объема простаты и почек.",|,NMPA 20202210140,|,МРТ брюшной полости и таза,|,Компьютерное зрение,|,"1. Выполняет базовые операции с изображениями: регулировка окна (ширина/уровень), коррекция направления, настройка прозрачности, работа с кистью и ластиком. Проводит измерения: оценка объема простаты и почек. 2.  Автономное (standalone) программное обеспечение. Поставляется в виде загрузки через FTP.",|,Используется,|,"Частные клиники, государственные больницы",|,1) http://www.jumuyl.com/goods/info/id/125544.html,|,,|,https://usa.united-imaging.com/,"Китай (Shanghai United Imaging Intelligence Co., Ltd.)"
China,uAI-IschemicStroke,|,"Программное обеспечение для отображения, обработки, измерения и анализа простых КТ-изображений головы. Ранняя оценка КТ (ASPECTS) Программы лечения инсульта Альберты проводится вспомогательными врачами взрослым пациентам с подозрением на острый ишемический инсульт, которые развиваются в течение 6 часов",|,NMPA 20253211716,|,КТ головы,|,Компьютерное зрение,|,"1. Автоматизирует анализ аспектов (ASPECTS) для ранней КТ-диагностики. 2. Использует алгоритмы глубокого обучения для обработки изображений и анализа ASPECTS. 3. Предназначен для помощи врачам в оценке взрослых пациентов с подозрением на острый ишемический инстр, у которых симптомы проявились в течение последних 6 часов. 4. Не может использоваться в качестве единственного основания для постановки диагноза или принятия решений о лечении. Не предназначен для использования в экстренных ситуациях.",|,Используется,|,"Частные клиники, государственные больницы",|,1) https://www.nmpa.gov.cn/datasearch/search-info.html?nmpa=aWQ9Njk2ZWM1NTA1N2M2OGFkY2UzYzMzZTU0MTVkZDkwMTQmaXRlbUlkPWZmODA4MDgxODNjYWQ3NTAwMTgzY2I2NmZlNjkwMjg1,|,,|,https://usa.united-imaging.com/,"Китай (Shanghai United Imaging Intelligence Co., Ltd.)"
China,uAI-FFRCT,|,Программное обеспечение для визуализации сосудов коронарных артерий для получения показателей резерва кровотока КТ и помогает обученным квалифицированным медицинским техникам оценить функциональные симптомы ишемии миокарда у пациентов со стабильной ишемической болезнью сердца (SCAD) перед коронарографией. ,|,NMPA 20243210771,|,КТ-ангиография,|,ИИ,|,"1. Использует алгоритмы глубокого обучения для расчета FFRCT. 2. Предназначен для пациентов со стабильной ишемической болезнью сердца (SCAD). 3. Используется перед проведением инвазивной коронарной ангиографии. 4. Не подходит для пациентов с острой болью в груди, такой как острый коронарный синдром (ОКС). Не является самостоятельным диагностическим инструментом; клиницисты должны проводить комплексное обследование пациента.",|,Используется,|,"Частные клиники, государственные больницы",|,1) https://mm.sciconf.cn/cn/minisite/abstract-assembly-content/23597?abstract_id=3342102&class_id=66238,|,,|,https://usa.united-imaging.com/,"Китай (Shanghai United Imaging Intelligence Co., Ltd.)"
China,uAI–PulmonaryArteryImaging,|,"Программное обеспечение для импорта, обработки (включая сегментацию легочной артерии, 3D-реконструкцию изображения, трансляцию, масштабирование, измерение, регулировку ширины/положения окна) и отображения данных КТ легочной артерии в соответствии со стандартом DICOM3.0.",|,NMPA 20232210075,|,КТ грудной клетки ,|,Компьютерное зрение,|,"1. Автоматическая сортировка и подсказки для случаев с подозрением на тромбоэмболию легочной артерии (ТЭЛА). 2. Используется для отображения, обработки, измерения и анализа изображений КТ-ангиографии легочной артерии. 3. Включает алгоритмы глубокого обучения (браузерная и серверная части).",|,Используется,|,"Частные клиники, государственные больницы",|,1) http://www.jumuyl.com/goods/info/id/125854.html,|,,|,https://usa.united-imaging.com/,"Китай (Shanghai United Imaging Intelligence Co., Ltd.)"
China,InferVisual Surgery Planning,|,Система помощи в планировании операций,|,NMPA 20233212016,|,КТ грудной клетки ,|,ИИ,|,Автоматическая 3D-реконструкция легочных сосудов и бронхов по данным бесконтрастной КТ. Среднее время реконструкции: 280 секунд. Точность обнаружения сосудов и бронхов: 85%. Точность классификации сосудов (артерии/вены): 80%.,|,Используется,|,"Частные клиники, государственные больницы",|,"1) A fully automated noncontrast CT 3‐D reconstruction algorithm enabled accurate anatomical demonstration for lung segmentectomy / X. Chen, Z. Wang, Q. Qi [et al.] // Thorac. Cancer. – 2022. – Vol. 13, № 6. – P. 795–803. DOI: 10.1111/1759-7714.14322.",|,,|,https://global.infervision.com/,"Китай (Shanghai United Imaging Intelligence Co., Ltd.)"
China,InferRead ,|,Система автоматическое измерение трехмерного объема матовых стекловидных узелков в легких на основе изображений КТ,|,NMPA 20233211114,|,КТ грудной клетки ,|,ИИ,|,"Высокая точность: Продемонстрирована высокая корреляция (r=0.981) и согласованность (ICC=0.987) результатов автоматических измерений с ""золотым стандартом"" (ручные измерения, выполненные опытными рентгенологами). Автоматизация: Система автоматически идентифицирует узелки на КТ-снимках, очерчивает их контуры и рассчитывает трехмерный объем. Воспроизводимость: Исключает субъективные ошибки и вариативность, присущие ручным измерениям разными специалистами или в разное время.",|,Используется,|,"Частные клиники, государственные больницы",|,"1) LIANG Y, ZHANG H H, WU J L. Evaluation of the accuracy of inferread software  for measuring the volume of pure ground  glass nodules in the lung[J]. CT Theory and Applications, 2022, 31(5): 669-678. DOI: 10.15953/j.ctta.2021.009. (in Chinese).",|,,|,https://global.infervision.com/,"Китай (Shanghai United Imaging Intelligence Co., Ltd.)"
China,AccuContour ,|,Программное обеспечение для автоматического контурирования,|, NMPA 20223211031,|,"КТ головы, рака груди, таза",|,ИИ,|,"Основано на U-Net; позволяет создавать пользовательские модели на основе локальных данных; оценка по метрикам DSC, HD, RVD",|,Используется,|,"Частные клиники, государственные больницы",|,"1) GONG Xiaoqin, CHEN Fei, HU Jing, et al. Study on Automatic Segmentation of CTV and OARs by AccuContour Software in Breast Cancer[J]. China Medical Devices, 2022, 37(7): 76-79 https://doi.org/10.3969/j.issn.1674-1633.2022.07.016 ",|,,|,https://www.manteiamedical.com/accucontour,"Китай (Shanghai United Imaging Intelligence Co., Ltd.)"
China,AccuFFRct,|,Диагностический инструмент для оценки гемодинамической значимости коронарных бляшек на основе КТ-ангиографии,|, NMPA 20233210644,|,КТ-ангиография,|,Компьютерное зрение,|,"1. Высокая диагностическая точность (AUC 0.93) по сравнению с изолированной КТ-ангиографией (AUC 0.77).
2. Устойчивая работа в ""серой зоне"" (значения CT-FFR 0.7-0.8).
3. Проспективное, многоцентровое исследование с анализом в независимой лаборатории.
4. Проведение чувствительного анализа в различных клинических подгруппах.",|,Используется,|,"Частные клиники, государственные больницы",|,1) Karády J. AccuFFRct: Another Important Addition to the Arsenal of CT-FFR Solutions. JACC Cardiovasc Interv. 2024 Sep 9;17(17):1993-1995. doi: 10.1016/j.jcin.2024.07.023. Epub 2024 Aug 21. PMID: 39177556.,|,,|,https://www.arteryflow.com/about,"Китай (Shanghai United Imaging Intelligence Co., Ltd.)"
China,NeuBrainCARE,|,Программное обеспечение для автоматизированного анализа данных компьютерно-томографической перфузии (КТП) головного мозга.,|,NMPA 20223211038,|,"КТ, МРТ головного мозга",|,ИИ,|,"Автоматизированный анализ: Выполняет полный конвейер обработки: контроль качества изображения, коррекция движения, выбор артериальной функции ввода, сегментация ткани мозга. Генерирует карты перфузии: Церебральный кровоток (CBF), объем церебральной крови (CBV), время до пика (TTP), среднее время транзита (MTT), Tmax. Автоматический расчет ключевых показателей: Объем ядра инфаркта (CBF <30%), объем гипоперфузии (Tmax >6 мл), объем ""мисматча"", соотношение ""мисматча"". Интеграция с оборудованием: Может напрямую подключаться к устройствам визуализации для приема данных в формате DICOM. Высокая согласованность: Продемонстрировала отличную согласованность с коммерческим ПО RAPID (ICC >0.95, Kappa = 0.92).",|,Используется,|,"Частные клиники, государственные больницы",|,"1) Agreement assessment of two automated platforms in computed tomography perfusion imaging for acute ischemic stroke / X. Chu, Y. Shen, W. Zhang [et al.] // Brain Circ. – 2025. – Art. № https://journals.lww.com/10.4103/bc.bc_47_25.",|,,|,https://www.neusoftmedical.com/about-us/company.html,"Китай (Shanghai United Imaging Intelligence Co., Ltd.)"
China,DW-BADAS,|,Программное обеспечение для оценки костного возраста путем измерения и анализа рентгеновских снимков запястья людей в возрасте от 1 до 18 лет. ,|,NMPA 20223210295,|,КТ костей,|,ИИ,|,"Автоматическая оценка костного возраста по методу GP (Greulich-Pyle). Высокая согласованность с экспертом-рентгенологом (r > 0.99). Средняя абсолютная ошибка (MAE): 0.39 года (муж.), 0.32 года (жен.). Анализ изображений в формате DICOM. Оценка качества снимка, локализация костей запястья, определение стадии развития костей. Время анализа: несколько секунд.",|,Используется,|,"Частные клиники, государственные больницы",|,"1) Li Lei, Pan Qile, Cai Guang, Li Zhipeng. Consistency between artificial intelligence and expert Greulich-Pyle atlas method for bone age assessment[J]. Chinese Journal of Tissue Engineering Research, 2024, 28(28): 4436-4440.",|,,|,https://www.deepwise.com/,"Китай (Shanghai United Imaging Intelligence Co., Ltd.)"
China,Yitu-AICARE,|,Сервис для автоматической оценки костного возраста ,|,NMPA 20213210177,|,КТ костей,|,Компьютерное зрение,|,"1. Полная автоматизация процесса оценки по методу TW3 (включая RUS и C серии).
2. Клиническая интерпретируемость: результаты могут быть получены на каждом промежуточном этапе.
3. Высокая точность: средняя абсолютная ошибка (MAE) 0.47 лет для RUS и 0.50 лет для C серии, что сравнимо с опытным ортопедом.
4. Использование 20 областей интереса (ROI) руки.
5. Глобальный контекст: ViT позволяет учитывать более глобальную информацию по сравнению с CNN.",|,Используется,|,"Частные клиники, государственные больницы",|,"1) SVTNET : Automatic bone age assessment network based on TW3 method and vision transformer / J. Wu, Q. Mi, Y. Zhang, T. Wu // Int. J. Imaging Syst. Technol. – 2024. – Vol. 34, № 2. – P. e22990.",|,,|,https://www.deepwise.com/,"Китай (Shanghai United Imaging Intelligence Co., Ltd.)"
China,LungDimensionGo ,|,Программное обеспечение для реконструкции медицинских изображений КТ лёгких,|,NMPA 20232210198,|,КТ грудной клетки ,|,Компьютерное зрение,|,"1. Полностью автоматизированное создание 3D-модели легкого.
2. Работает на основе НЕконтрастных КТ-изображений.
3. Высокая скорость: реконструкция за 2-3 минуты.
4. Высокая точность визуализации анатомических структур (артерий, вен, бронхов) по сравнению с традиционными методами.
5. Интегрирует анализ узелков и 3D-реконструкцию в единую систему.",|,Используется,|,"Частные клиники, государственные больницы",|,"1) Wang L, Hu J, Gao J, Zheng Z, Li S, Zhang Y, Liang H, Liu C, Xiang Z. Artificial intelligence-assisted surgical simulation system based on non-enhanced computed tomography images in thoracoscopic pulmonary segmentectomies. J Thorac Dis. 2025 Aug 31;17(8):5787-5802. doi: 10.21037/jtd-2025-375. Epub 2025 Aug 28. PMID: 40950911; PMCID: PMC12433101.",|,,|,https://www.shukun.com/,"Китай (Shanghai United Imaging Intelligence Co., Ltd.)"
China,VoxelCloud Thorax,|,Сервис для обработки компьютерных изображений лёгких взрослых пациентов и для помощи в сортировке лёгочных узлов ,|,NMPA 20213210968,|,КТ грудной клетки ,|,Компьютерное зрение,|,"Чувствительность: 90.19%. Ложноположительные срабатывания на случай: 0.30 ± 0.84. Превышение чувствительности над ручным методом: >40% (P<0.001). Особенность: Может работать независимо (""as a junior reader"")",|,Используется,|,"Частные клиники, государственные больницы",|,"1) Chen J, Cao R, Jiao S, Dong Y, Wang Z, Zhu H, Luo Q, Zhang L, Wang H, Yin X. Application value of a computer-aided diagnosis and management system for the detection of lung nodules. Quant Imaging Med Surg. 2023 Oct 1;13(10):6929-6941. doi: 10.21037/qims-22-1297. Epub 2023 Sep 18. PMID: 37869302; PMCID: PMC10585542.",|,,|,https://www.voxelcloud.ai/en,"Китай (Shanghai United Imaging Intelligence Co., Ltd.)"
Россия,WEBIOMED ,|,Система поддержки принятия врачебных решений,|,РУ № РЗН 2020/9958,|,"КТ, МРТ, Рентген",|,ИИ,|,"Высокая точность, API и Web-исполнение",|,Используется,|,,|,,|,,|,https://webiomed.ru/products/webiomed-dhra/ ,Россия
Россия,Botkin.AI,|,"Визуализация и обработка DICOM-изображений, диагностирование COVID-19",|,РУ № РЗН 2020/12028,|,КТ грудной клетки ,|,Компьютерное зрение,|,"Обработка DICOM, автоматизация диагностики COVID-19",|,Используется,|,,|,https://sk.ru/news/telemd-botkinai/,|,,|,http://botkin.ai/ ,Россия
Россия,Care Mentor AI,|,Нейросетевая система диагностики,|,РУ № РЗН 2020/11137 и др.,|,"МРТ, КТ, маммография, онкология",|,ИИ,|,"Webshow и API исполнение, расширенный спектр задач",|,Пилотирование,|,,|,ссылка на сайт: https://mosmed.ai/service_catalog/care-mentor-ai/?ysclid=mgq8tegg7q788757985; https://neural-courses.ru/ai/care-mentor-ai/,|,,|,http://carementor.ru/   https://www.linkedin.com/company/carementorai/,Россия
Россия,Гамма Мультивокс,|,Комплекс ПО для визуализации и анализа медицинских изображений,|,РУ № РЗН 2021/13277,|,Маммография,|,Компьютерное зрение,|,Комплексный набор функций для маммографии и архивации,|,Используется,|,"Частные клиники, государственные больницы",|,,|,,|,https://multivox.ru/?ysclid=mh5p3suz1z219984662 ,Россия
Россия,Third Opinion,|,Модуль для анализа флюорограмм и рентгенограмм,|,РУ № РЗН 2021/14506 и др.,|,"КТ, нейрорадиология, онкология",|,Компьютерное зрение,|,"Высокая точность, интеграция с PACS",|,Используется,|,,|,,|,,|,https://thirdopinion.ai/?ysclid=mgq92sobhc406512354,Россия
Россия,RADLogics,|,Платформа анализа радиологических изображений,|,РУ № РЗН 2021/14627,|,"Рентген, КТ, пульмонология, онкология",|,Компьютерное зрение,|,"Автоматизация обработки, мультизадачность",|,Используется,|,"Частные клиники, государственные больницы",|,файл: https://smarteka.com/uploads/files/2021/09/01/62222b09-f360-49a6-ac91-5e21f98a4535b21130d0-dfbf-4819-8faa-057f9146a753.pdf?ysclid=mgq97proii225577157 ,|,,|,https://www.radlogics.com/ ,США
Россия,Chest-IRA,|,Программный сервис для автоматического анализа КТ-исследований,|,РЗН 2021-14141 от 16.12.2021,|,КТ грудной клетки ,|,Компьютерное зрение,|,"Автоматическое обнаружение очагов: Выявляет участки матового стекла, консолидации по типу «булыжной мостовой» и другие патологические изменения, характерные для COVID-19 и пневмоний.
- Количественный анализ: Измеряет объем и процент поражения легочной ткани (к-т вовлеченности).
- Сравнение исследований: Позволяет отслеживать динамику заболевания по двум исследованиям.
- Формирование заключения: Автоматически генерирует структурированное описание для протокола врача.",|,Используется,|,"Частные клиники, государственные больницы",|,"Разработан на основе более 10 000 КТ-исследований. В материалах сайта указано, что чувствительность алгоритма составляет 94,5%, а специфичность — 99,1% (по данным валидационных исследований).",|,,|,https://ira-labs.ru/ ,Россия
Россия,Цельс КС КТ ОГК,|,Комплексный программный сервис для автоматического анализа и описания компьютерной томографии органов грудной клетки.,|,РЗН 2021-14140 от 16.12.2021 ,|,"КТ, Рентген грудной клетки ",|,Компьютерное зрение,|," Многоцелевой анализ: Одновременное выявление и анализ до 24 находок, включая узлы и образования в легких, плевральный выпот, перикардиальный выпот, кальцинаты, эмфизему и др.
- Онкологический скрининг: Автоматическое определение, измерение и оценка риска злокачественности легочных узлов по шкале Lung-RADS.
- Сравнительный анализ: Возможность отслеживания динамики изменений (увеличение/уменьшение узлов) по нескольким исследованиям.
- Полное заключение: Автоматическое формирование развернутого структурированного заключения с указанием локализации, размеров и характеристик всех находок.",|,Используется,|,"Частные клиники, государственные больницы",|,"Разработан на основе обширной базы данных КТ-исследований. Прошел клиническую валидацию. На сайте указаны метрики эффективности алгоритма для основных патологий:
Чувствительность обнаружения узлов: 96.3% (для узлов >6 мм)
Средняя точность локализации: 87.5%
Качество категоризации по Lung-RADS: AUC = 0.958",|,,|,https://celsus.ai/products-kt/,Россия
Россия,CVL - Chest CT Complex,|,Программный сервис для комплексного анализа компьютерной томографии органов грудной клетки с акцентом на оценку состояния коронарных артерий и кальция.,|,	РЗН 2023-13442 от 16.10.2023,|,КТ грудной клетки ,|,Компьютерное зрение,|,"- Комплексный анализ сердца и легких: Объединяет в одном отчете данные о коронарном кальции и состоянии легочной ткани.
- Кальциевый скор (Agatston Score): Автоматическое вычисление индекса коронарного кальция по шкале Агатсона с оценкой риска ИБС.
- Анализ сосудов: Выявление, измерение и характеристика некальцинированных и смешанных бляшек в коронарных артериях.
- Анализ легких: Обнаружение и описание до 39 находок в легких, включая узлы, затемнения, эмфизему и др.
- Мониторинг динамики: Сравнительный анализ изменений в легочной ткани и коронарных артериях по нескольким исследованиям.",|,Используется,|,"Частные клиники, государственные больницы",|,"Разработан на основе обширной базы данных КТ-исследований. Прошел клиническую валидацию. На сайте указаны метрики эффективности алгоритма: Чувствительность обнаружения узлов в легких: 96.3% (для узлов >6 мм) Точность определения кальциевого индекса: 95.1%
",|,,|,https://xn--80aajuahjy7a.xn--p1ai/products/675    https://cvisionrad.ru/functional_characteristics,Россия
Россия,АИ Диагностик КТ ОГК комплекс,|,Программный сервис для комплексного автоматического анализа компьютерной томографии органов грудной клетки.,|,РЗН 2022-12420 от 20.05.2022,|,КТ грудной клетки ,|,Компьютерное зрение,|,"- Мультипатологический анализ: Одновременное выявление и анализ широкого спектра патологий, включая узлы и образования в легких, эмфизему, фиброз, плевральный выпот, лимфаденопатию и другие.
- Онкологический скрининг: Автоматическое определение, измерение и оценка легочных узлов с расчетом риска злокачественности.
- Динамическое наблюдение: Возможность точного сравнения двух исследований для оценки динамики патологических процессов (увеличение/уменьшение узлов, изменение плотности и др.).
- Структурированное заключение: Автоматическое формирование развернутого, стандартизированного заключения с указанием локализации, размеров и характеристик всех выявленных находок.",|,Используется,|,"Частные клиники, государственные больницы",|,"Разработан на основе обширной базы данных КТ-исследований. Прошел клиническую валидацию. На сайте указаны метрики эффективности алгоритма:
 Чувствительность обнаружения узлов: 96.3% (для узлов >6 мм)
 Средняя точность локализации: 87.5%",|,,|,https://ai-diagnostic.ru/,Россия
Бразилия ,"Cleerly Coronary AI
",|,"ИИ для КТ-ангиографии коронарных артерий
",|,"ANVISA: 8054321220078
",|,КТ-ангиография,|,3D deep learning,|," Тип плака (кальцинированный, липидный), стеноз, прогноз риска
",|,Используется,|,"Частные клиники, государственные больницы",|,https://pmc.ncbi.nlm.nih.gov/articles/PMC11262402/ статья,|,,|, https://cleerlyhealth.com/ ,США
Бразилия,BoneView (Gleamer),|,"ИИ для выявления переломов на рентгене
",|,"ANVISA: 8054321170024
",|,"Рентген, кисть",|,"Компьютерное зрение
",|,"Heatmap перелома, совместимость с любым рентген-аппаратом
",|,Используется,|,"Частные клиники, государственные больницы",|,"https://www.proquest.com/openview/c2d6425a90b11429d07689ba48b7027d/1?pq-origsite=gscholar&cbl=2037571  новость, ",|,,|,https://www.gleamer.ai/solutions/boneview ,Франция
Бразилия,"Einstein AI Platform
",|,"Федеративная исследовательская платформа
",|,- ,|,"Разработка и валидация ИИ-моделей в радиологии
",|,"Federated learning, DICOM sandbox, MLOps
",|," Соответствие LGPD, открытые API, поддержка мультиинституциональных проектов
",|,Используется,|,По соглашению,|,https://www.researchgate.net/profile/John-Mathew-26/publication/393448501_A_Comparative_Analysis_of_Einstein_AI_vs_Microsoft_CoPilot_in_CRM_Contexts/links/686a78a392697d42903d6996/A-Comparative-Analysis-of-Einstein-AI-vs-Microsoft-CoPilot-in-CRM-Contexts.pdf ,|,,|,https://help.salesforce.com/s/products/einstein ,"
Бразилия"
Бразилия,"
WorkstationOne",|,ИИ для мониторинга  ,|,CDSCO (Индия): AED/2022/10579,|,Маммография  ,|,ИИ,|,"Автоматическое обнаружение патологий с визуализацией зон интереса (heatmaps).
Количественный анализ: измерение размеров узелков, объёма выпота, плотности очагов.
Приоритизация экстренных случаев: например, «красный флаг» при подозрении на пневмоторакс или внутричерепное кровоизлияние.
Поддержка мультиязычности и адаптация под локальные протоколы (важно для глобального использования).
Экономия времени радиолога: сокращение времени интерпретации на 30–50% в пилотных исследованиях.
Валидировано в реальных клинических условиях",|,Используется,|,"Облачная платформа
",|,новость https://www.mishealthcare.co.uk/post/the-first-installation-of-united-imaging-healthcare-s-state-of-the-art-umr-680-mri-system-at-new-vic ,|,,|,https://threepalmsoft.com/products/workstationone/,Китай
Бразилия,Quantib Brain,|,ИИ для мониторинга головного мозга,|,- ,|,МРТ головного мозга,|,ИИ,|,"Глубокое обучение и классические методы компьютерного зрения для сегментации.
Облачная и локальная (on-premise) архитектура.
Интеграция с PACS/RIS через DICOM.",|,Используется,|,Облачная платформа,|,https://www.frontiersin.org/journals/neurology/articles/10.3389/fneur.2025.1552559/full ,|,,|,https://www.quantib.com/solutions/partnerships/quantib-brain ,Нидерланды
Бразилия,CureMetrix ,|,ИИ для мониторинга ,|,ANVISA: 81464750084 ,|,Маммография,|,ИИ,|,"Повышает чувствительность маммографии до 12.7% (по данным NEJM Catalyst, 2022),
Снижает количество ложных негативов,
Поддерживает BI-RADS-совместимую отчётность.",|,Используется,|,Облачная платформа,|,https://repository.monashhealth.org/monashhealthjspui/handle/1/50125 ,|,,|,https://curemetrix.com/ ,США
Бразилия ,"
CARPL.AI",|,ИИ для мониторинга ,|,"Индия: U73100DL2018PTC333492.
США (Delaware): 20212915863.
Сингапур: 202324648G.",|,"КТ, МРТ, Рентген",|,ИИ,|,"Единая точка доступа к более чем 140 радиологическим ИИ-решениям от разных вендоров.
Сравнение алгоритмов: возможность тестировать несколько ИИ на одних и тех же данных.
Клиническая безопасность: отслеживание ложных срабатываний, дрейфа модели, изменений в производительности.
Гибкая интеграция: совместимость с ведущими PACS/RIS",|,Используется,|,Облачная платформа,|,https://www.mdpi.com/2075-4418/12/10/2382 ,|,,|,https://carpl.ai/about-us ,США ИНДИЯ СИНГАПУР 
Бразилия,ClearRead Xray ,|,ИИ для мониторинга грудной клетки и заболеваний легких,|,- ,|,КТ грудной клетки ,|,ИИ,|,"Патентованная технология Clear Visual Intelligence™ с функцией подавления костных структур (bone suppression)
Облачное или локальное развёртывание (в зависимости от конфигурации)
Интеграция с PACS/RIS/HIS через стандарты DICOM и HL7 Соответствие стандартам безопасности и конфиденциальности данных (включая HIPAA в США; для Бразилии требуется соответствие LGPD — Lei Geral de Proteção de Dados)
",|,Используется,|,Облачная платформа,|,1) https://pubmed.ncbi.nlm.nih.gov/37185004/  2) https://www.sciencedirect.com/science/article/pii/S0009926022005141?casa_token=84hDfL_ujggAAAAA:AIU9KBb99zWbKeB2pc__4MHXZjKBRpYY7PjEVSd0nWZIfsSIOo0QXWKbZZpwWtWxdEsEuQt3Nw ,|,,|,https://www.riveraintech.com/clearread-ai-solutions/clearread-xray/ ,США
Иран,"Rad AI
",|," Облачный ИИ для анализа КТ грудной клетки
",|,"(IFDA): IR.FDA.2023.12456
",|,КТ грудной клетки ,|,"3D Компьютерное зрение
",|,"Расчёт объёма поражённой паренхимы
Совместимость с низкодозовыми КТ
Генерация структурированного отчёта на персидском языке
",|,Используется,|,"Частные клиники, государственные больницы",|,https://www.sciencedirect.com/science/article/pii/S1076633220305560,|,,|,"
https://www.radai.com/  ",США
Иран,Icobrain by icometrix,|,Система анализа МРТ головного мозга,|,MOH 9834517-2024,|,МРТ головного мозга,|,Компьютерное зрение,|,"Автоматическое измерение объема очагов, отслеживание динамики, 3D-визуализация",|,Используется,|,"Частные клиники, государственные больницы",|,https://www.neurology.org/doi/abs/10.1212/WNL.0000000000206238,|,,|,https://www.icometrix.com/ ,Иран
Иран," BoneRad AI
",|,Облачный ИИ для анализа КТ костных структур,|, (FDA): K231458,|,КТ костей,|,Компьютерное зрение,|,"Автоматическое определение индекса CT-DXA (плотность кости в единицах DXA)

Генерация карты цветового кодирования патологических очагов

Интеграция в клинический рабочий процесс PACS (DICOM)

Генерация структурированного отчёта с оценкой риска переломов",|,Используется,|,"Частные клиники, государственные больницы",|,https://aapm.onlinelibrary.wiley.com/doi/abs/10.1118/1.3181515 ,|,,|, https://www.acr.org/Clinical-Resources/Clinical-Tools-and-Reference/Reporting-and-Data-Systems/Bone-RADS ,США
Иран ,DeepLung Iran,|, Национальная ИИ-платформа для анализа КТ лёгких,|, (IFDA): Не зарегистрирован; используется как исследовательский инструмент в академических центрах,|,КТ грудной клетки ,|,3D Компьютерное зрение,|,"Чувствительность 96.4% для узелков ≥6 мм
Корреляция с функцией лёгких (r = 0.92)
Генерация структурированного отчёта на персидском языке
Совместимость с низкодозовыми КТ",|,Используется,|,По соглашению,|,1) https://www.resmedjournal.com/article/S0954-6111(25)00520-7/abstract ,|,,|,https://github.com/wentaozhu/DeepLung ,Иран 
Иран,"CAD4TB (иранская адаптация, локализованная версия)",|,Облачный ИИ для скрининга туберкулёза по рентгенограммам грудной клетки,|, (IFDA): Не зарегистрирован как отдельное ПО; интегрирован в национальную платформу SIB (электронная система здравоохранения Ирана),|,Рентген грудной клетки ,|,Компьютерное зрение,|,"Чувствительность 94.1%, специфичность 89.3%
Автоматическая приоритизация подозрительных снимков
Работа в offline-режиме в условиях низкой пропускной способности
Поддержка персидского интерфейса",|,Используется,|,Государственные больницы,|,1) https://academic.oup.com/cid/article/78/6/1669/7603111#google_vignette 2) https://academic.oup.com/cid/article/72/5/771/5736588 3) ,|,,|," 
https://delft.care/cad4tb/ ",Нидерланды
Иран,TeleRad Iran,|,Платформа телерентгенологии с ИИ,|,MOH 9834558-2023,|,Рентген,|,Компьютерное зрение,|,"Приоритизация срочных случаев, удаленная консультация, поддержка удаленных регионов",|,Пилотирование,|,"Частные клиники, государственные больницы",|,1) https://inis.iaea.org/records/d0zmw-h6y94 2) https://inis.iaea.org/records/ptj0c-jnx98  ,|,,|,https://teleradgroup.com/ ,Иран
Иран ,AImedic,|,для телемедицины и анализа медицинских изображений с помощью ИИ,|, На сайте в открытом доступе информация о регистрационных удостоверениях Росздравнадзора (как медицинского изделия или ПО) не найдена.,|,"КТ, МРТ, Рентген",|,Компьютерное зрение,|,"1. Автоматический анализ снимков: Алгоритмы ИИ автоматически детектируют и сегментируют патологические находки (например, объемные образования, инфильтраты, переломы).
2. Сравнительный анализ: Ключевая функция — возможность сравнения двух исследований пациента в динамике («Compare»), что позволяет отслеживать прогресс или регресс заболевания.
3. Структурированный отчет и описание снимка: Система автоматически генерирует структурированное описание и помогает заполнить протокол исследования, экономя время врача.
4. Интеграция с PACS/RIS: Возможность интеграции с больничными информационными системами для seamless workflow.",|,Используется,|,"Частные клиники, государственные больницы",|,https://aimedic.co/2023/07/13/hello-world/ новость ,|,,|,https://aimedic.co/ ,
Иран,Sharif AI Research Platform,|,Исследовательская платформа для медицинского ИИ,|,Этическое одобрение MOH 765/2023,|,Телемедицина,|,MLOps платформа,|,"Инструменты для разметки данных, вычислительные ресурсы, наборы данных",|,Используется,|,По соглашению,|,- ,|,,|, https://ir.linkedin.com/company/sharif-ai,Иран
Индия,Qure.ai qXR,|,Облачная платформа для анализа рентгенограмм грудной клетки,|,CDSCO 21/MDR/12/2021,|,Рентген грудной клетки,|,Глубокое обучение,|,"Автоматическое обнаружение 15+ патологий, измерение площади поражения, интеграция с PACS",|,Используется,|,"Частные клиники, государственные больницы",|,Indian Council of Medical Research (ICMR) ,|,,|,https://www.qure.ai/product/qxr ,Индия
Индия,Aarogya AI,|,Мобильное приложение для скрининга туберкулеза по рентгеновским снимкам,|,CDSCO 22/MDR/03/2022,|,Рентген грудной клетки,|,Компьютерное зрение,|,"Анализ снимков на мобильных устройствах, работа в оффлайн-режиме, интеграция с государственными системами здравоохранения",|,Используется,|,Облачная платформа,|,Bill & Melinda Gates Foundation,|,,|,https://play.google.com/store/apps/details?id=in.ac.iisc.arogyam https://aarogyaai.com/AIAssistant?is_new_user=true ,Индия
Индия,MIRADA ML,|,Система для анализа МРТ при нейродегенеративных заболеваниях,|,CDSCO 23/MDR/01/2023,|,МРТ головного мозга,|,Компьютерное зрение,|,"Автоматическое измерение объема гиппокампа, отслеживание изменений белого вещества, генетический анализ рисков",|,Используется,|,По соглашению,|,"National Institute of Mental Health and Neuro Sciences https://link.springer.com/article/10.1007/s00330-021-08373-z Одна из работ, где представлено, как алгоритмы MIRADA ML автоматически сегментируют печень на КТ и МРТ и проводят биометрию. Это важно для оценки объема опухоли и планирования лечения.",|,,|,https://www.mirada-medical.com/ ,Великобритания
Индия,CardioScan AI,|,Сервис анализа кардиологических исследований,|,CDSCO 21/MDR/11/2021,|,ЭКГ,|,Компьютерное зрение,|,"Анализ ЭКГ, эхокардиографии, кальциевого индекса, прогноз сердечно-сосудистых рисков",|,Используется,|,Облачная платформа,|,Cardiological Society of India,|,,|,https://www.cardioscan.co/services ,Австралия
Индия,OncoDeep,|,Система для онкологической визуализации,|,CDSCO 22/MDR/06/2022,|,"КТ, Маммография",|,Transfer Learning,|,"Автоматическая классификация опухолей по стадиям, прогноз ответа на терапию, персонализированные рекомендации, онко генетические исследования ",|,Используется,|,"Частные клиники, государственные больницы",|,Tata Memorial Centre,|,,|,https://www.oncogenomics.es/en/products/oncodna/oncodeep/ ,Франция
Индия,RADify,|,Телерентгенологическая платформа с ИИ,|,CDSCO 23/MDR/04/2023,|,"КТ, МРТ",|,Облачные вычисления,|,"Приоритизация критических случаев, распределенная работа радиологов, поддержка удаленных регионов",|,Пилотирование,|,"Частные клиники, государственные больницы",|,Ministry of Health and Family Welfare,|,,|,https://radify.ai/ ,Индия
Индия,OrthoAI,|,"Система анализа костно-мышечной системы, остеопороз, артриты, переломы",|,CDSCO 22/MDR/09/2022,|,КТ костей,|,Компьютерное зрение,|,"Автоматическое измерение минеральной плотности кости, определение стадии артрита, 3D моделирование",|,Используется,|,"Частные клиники, государственные больницы",|,Indian Orthopaedic Association,|,,|,https://www.orthoai.in/ ,США 
Индия,MammoAssist,|,Сервис для скрининга рака молочной железы,|,CDSCO 21/MDR/10/2021,|,Маммография,|,Сверточные нейронные сети,|,"Автоматическая оценка по BI-RADS, обнаружение микрокальцинатов, оценка рисков на основе демографии",|,Используется,|,По соглашению,|,Indian Cancer Society,|,,|,https://daignostix.com/mammo-assist/ ,Германия 
Индия,GastroAI,|,Система анализа изображений ЖКТ,|,CDSCO 23/MDR/02/2023,|,"Рак желудка, цирроз печени",|,Глубокое обучение,|,"Автоматическое выявление полипов, оценка стадии фиброза печени, прогноз осложнений",|,Используется,|,По соглашению,|,Asian Institute of Gastroenterology,|,,|,https://gastroai.in/ ,США 
Индия,NeuroCog AI,|,Когнитивная оценка по МРТ,|,CDSCO 22/MDR/12/2022,|,МРТ головного мозга,|,Multimodal AI,|,"Интеграция данных МРТ с когнитивными тестами, прогноз развития деменции, мониторинг эффективности лечения",|,Используется,|,Облачная платформа,|,1) National Brain Research Centre 2) новость: https://www.newventuresbc.com/top-25-spotlight-neurocog-ai/ ,|,,|,https://neurocog.ai/  https://neurocogsystem.com/ ,США
Индия,RenalIQ,|,Анализ изображений почек,|,CDSCO 23/MDR/05/2023,|,КТ почек,|,Семантическая сегментация,|,"Автоматическое измерение объема почек, классификация кист по Босняку, прогноз функции почек",|,Используется,|,По соглашению,|,Indian Society of Nephrology,|,,|,https://connect.renaliq.com/#/ ,США
Индия,PedRad AI,|,Педиатрическая радиология,|,CDSCO 22/MDR/08/2022,|,МРТ костей,|,Обучение с подкреплением,|,"Автоматическая оценка костного возраста, выявление аномалий развития, педиатрические нормативные значения",|,Используется,|,По соглашению,|,Indian Academy of Pediatrics,|,,|,https://pedrad.abstractarchives.com/,США
Индия,TraumaCAD,|,Экстренная радиология,|,CDSCO 21/MDR/09/2021,|,МРТ костей,|,Реальное время inference,|,"Автоматическое выявление переломов, внутренних кровотечений, пневмоторакса, приоритизация срочных случаев",|,Используется,|,Экстренная медицина,|,Association of Emergency Physicians of India,|,,|,https://pedrad.abstractarchives.com/meeting/pedrad2025,Швейцария
"Индия, Египет",DeepTek.ai,|,"Портфель программных решений на основе ИИ для автоматического анализа медицинских изображений (КТ, маммография, рентген)",|,"Индия: Одобрено CDSCO.
Египет: Регистрация в EDA (Egyptian Drug Authority) через локального дистрибьютора. Продукты зарегистрированы под именем дистрибьютора.
Южная Африка: В процессе/получено одобрение SAHPRA",|,КТ грудной клетки ,|,Компьютерное зрение,|,"- Широкий портфель решений: Включает алгоритмы для анализа КТ грудной клетки (в т.ч. для COVID-19), нейровизуализации (кровоизлияния, ишемия) и маммографии (обнаружение образований).
- Модель выхода на рынок: Активно использует стратегию партнерства с локальными дистрибьюторами. В Египте продукты регистрируются и выводятся на рынок партнером под его регистрационными удостоверениями.
- Фокус на интеграцию: Решения предназначены для интеграции в рабочие процессы радиологов и совместимы с основными PACS-системами.",|,Используется,|,"Частные клиники, государственные больницы",|,1) https://www.sciencedirect.com/science/article/pii/S147297922030216X?dgcid=rss_sd_all#cebib0010  2) https://www.medrxiv.org/content/10.1101/2021.09.22.21263956v1.article-metrics 3) https://arxiv.org/abs/2204.10505 4)https://deeptek.ai/publications,|,,|,http://deeptek.ai/ ,Индия
Индия,Oxipit,|,"Программное обеспечение как медицинское изделие (Software as a Medical Device, SaMD). Предоставляет услуги по автоматизированному анализу медицинских изображений на основе ИИ.",|,,|,"КТ, МРТ, Рентген",|,Компьютерное зрение,|,"- Автоматический анализ: Способность самостоятельно анализировать снимки и выдавать заключения об обнаруженных патологиях.
- Приоритизация: Позволяет автоматически сортировать исследования, помечая срочные случаи в начало списка врача.
- Повышение эффективности: Сокращает время на анализ каждого снимка и помогает снизить количество пропущенных находок.",|,Используется,|,"Частные клиники, государственные больницы",|,,|,,|,https://oxipit.ai/ ,Литва
"Индия, Бразилия",Zebra Medical Vision (Продуктовая линейка: ProFound AI™ для маммографии и др. алгоритмы),|,"Портфель программных алгоритмов на основе ИИ для автоматического обнаружения широкого спектра патологий на КТ, маммографии и рентгене.",|,"Бразилия: Разрешение ANVISA для ключевых алгоритмов.
Индия: Внедрения через партнеров.",|,"КТ, МРТ, Рентген",|,Компьютерное зрение,|,"- Широкая палитра алгоритмов: Охватывает более 15 клинических показателей, включая рак молочной железы на маммограммах (ProFound AI), эмфизему, заболевания печени (ожирение печени), коронарный кальций, компрессионные переломы позвоночника и внутричерепные кровоизлияния.",|,Используется,|,"Частные клиники, государственные больницы",|,ссылка на новость (клиника): https://www.emcmos.ru/news_and_media/news/evropeyskiy-meditsinskiy-tsentr-pervym-v-rossii-nachal-ispolzovat-iskusstvennyy-intellekt-zebra-med-/  2) характеристика https://zdrav.expert/index.php/%D0%9F%D1%80%D0%BE%D0%B4%D1%83%D0%BA%D1%82:Zebra_Medical_Vision_AI1_(All-In-One) 3) новость: https://www.weforum.org/organizations/zebra-medical-vision/ ,|,,|,https://www.aidoos.com/products/zebra-medical-vision/,Израиль
"Бразилия, Китай","Lunit (портфель решений: Lunit INSIGHT MMG, Lunit INSIGHT CXR, Lunit SCOPE)",|,Программные сервисы на основе ИИ для обнаружения и классификации онкологических и других патологий на медицинских изображениях.,|,"Бразилия: Разрешение ANVISA для INSIGHT MMG и INSIGHT CXR.
Китай: В процессе получения разрешения NMPA (пройдены ключевые этапы).",|,Маммография,|,Компьютерное зрение,|,"- INSIGHT MMG: Обнаружение подозрительных очагов рака молочной железы на маммограммах с предоставлением ""карты внимания"" (heatmap).
- INSIGHT CXR: Обнаружение до 10+ находок на рентгене грудной клетки, включая узелки, туберкулез, пневмоторакс, пневмонию.
- Фокус на клинические испытания: Решения Lunit имеют одну из самых сильных доказательных баз в индустрии, подтвержденную масштабными ретроспективными и проспективными исследованиями.
- SCOPE: Платформа для анализа биомаркеров на основе ИИ из гистологических и радиологических изображений (исследовательский инструмент).",|,Используется,|,"Частные клиники, государственные больницы",|,"Очень сильная, с акцентом на онкологию. Множество публикаций в журналах JAMA, The Lancet Digital Health, Radiology.
• INSIGHT MMG: Показал в независимых исследованиях повышение чувствительности радиологов на 12% (с 76% до 88%).
• INSIGHT CXR: Чувствительность для обнаружения злокачественных узлов в легких ~97-99%.",|,,|,https://www.lunit.io/en ,Южная Корея
"Россия, Китай, ЮАР",Siemens Healthineers,|,"1. Встроенное ПО для медицинских изделий (embedded SaMD).
2. Программное обеспечение как медицинское изделие (SaMD) для диагностической поддержки и автоматизации.
Услуга: Широкий спектр AI-приложений для автоматической постобработки, количественного анализа, сегментации анатомических структур и патологий, а также поддержки принятия диагностических решений.",|,"РФ: Серия РЗН (например, РЗН 2021/12345 для AI-Rad Companion Chest CT).                                                                                                                                 ЮАР: SAHPRA (например, SAHPRA-MD-2023-XXXXX).
Китай: NMPA Approval.",|,"КТ, МРТ, Рентген",|,"Глубокое обучение (Deep Learning), Машинное обучение (Machine Learning).",|,"1. Глубокая аппаратная интеграция (""AI on the device""): Алгоритмы встроены непосредственно в сканеры (MRI, CT), что позволяет проводить анализ в реальном времени и оптимизировать сам процесс сканирования (например, сокращение времени или дозы облучения).
2. Экосистема teamplay: Единая цифровая платформа для управления данными, workflow, приложениями и анализа производительности отделения лучевой диагностики.
3. Стандартизация и воспроизводимость: Обеспечивает количественные, объективные и воспроизводимые результаты измерений, что критически важно для мониторинга хронических заболеваний и оценки терапии.
4. Сквозной рабочий процесс (End-to-End Workflow): Решения охватывают весь путь от планирования исследования и его проведения до постобработки, анализа и генерации отчетов.
5. Поддержка клинических протоколов: Приложения настроены на работу в соответствии с международными и, где это необходимо, локализованными клиническими рекомендациями",|,Используется,|,"Частные клиники, государственные больницы",|,,|,,|,https://www.siemens-healthineers.com/ ,Германия
Египет ,Rology,|,"Платформа телерентгенологии, использующая ИИ для предварительного анализа (""приоритизации"") и распределения рентгеновских снимков по сети радиологов для окончательной диагностики.",|,"Египет: Зарегистрирована в качестве медицинского устройства местным регулятором (Egyptian Drug Authority, EDA).
Саудовская Аравия: Имеет разрешение SFDA.
ОАЭ: Прошла валидацию в MOHAP/DHA.",|,"КТ, Рентген",|,Компьютерное зрение,|," Гибридная модель ""ИИ + радиолог"": ИИ не ставит окончательный диагноз, а действует как система поддержки принятия решений (CADe), помечая снимки с подозрением на патологию.
Приоритизация: Автоматически помечает срочные случаи (например, пневмоторакс, ТБ) в начале очереди для ускорения диагностики.
Сеть радиологов: Распределяет исследования по специализированной сети врачей для быстрой расшифровки.
Фокус на доступность: Нацелена на обеспечение качественной радиологической диагностики в удаленных и недостаточно обслуживаемых регионах Ближнего Востока и Африки.",|,Используется,|,"Частные клиники, государственные больницы",|,новость 1: https://www.auntminnie.com/industry-news/regulatory/fda/article/15635577/rology-gets-fda-nod-for-teleradiology-platform 2) https://www.diagnosticimaging.com/view/fda-clears-emerging-ai-enabled-teleradiology-platform 3) https://www.auntminnie.com/practice-management/article/15705266/rology-marks-1m-report-milestone 4) https://www.startupresearcher.com/news/rology-partners-with-university-of-hyogo 5) https://rology.health/enhancing-patient-engagement-empowerment-through-teleradiology-ai/ ,|,,|,https://rology.health/ ,"Египет, Саудовская Аравия"
ЮАР,Botlhale AI (флагманский продукт - Botlhale Vision AI),|,"Платформа искусственного интеллекта для обработки естественного языка (NLP) и компьютерного зрения, предоставляющая ИИ-решения и API",|,Является коммерческим продуктом компании Botlhale AI (Pty) Ltd,|,Телемедицина,|,Компьютерное зрение,|,"- Фокус на африканских языках: Поддержка языков ЮАР (зулу, коса, африкаанс, сесото)
- Мультимодальность: Объединение NLP и Computer Vision
- API-первый подход: Интеграция ИИ-возможностей в сторонние приложения
- Автоматизация рутинных задач: Обработка документов, верификация данных",|,Используется,|,"Частные клиники, государственные больницы",|,,|,,|,https://botlhale.ai/ ,ЮАР
ЮАР,Limbus Cloud (разработан компанией Lincad),|,"Облачная телемедицинская платформа для удаленной диагностики и управления медицинскими изображениями, ориентированная на радиологию",|,Информация не разглашается публично. Является продуктом компании Lincad (Pty) Ltd.,|,Телемедицина,|,"Облачная программная платформа (SaaS - Программное обеспечение как услуга), веб-интерфейс.",|,"• DICOM-совместимость: Полная поддержка отраслевого стандарта для медицинских изображений.
• Веб-доступ: Не требует установки специального ПО на компьютер, работает через браузер.
• Инструменты для анализа: Встроенные инструменты для просмотра, измерения и аннотирования изображений (приближение, панорамирование, регулировка контрастности).
• Безопасность и соответствие: Данные шифруются, платформа разработана с учетом требований защиты персональных данных (например, POPI Act в ЮАР).
• Интеграция: Возможность интеграции с системами хранения и передачи изображений (PACS) и больничными информационными системами (HIS).",|,Используется,|,"Частные клиники, государственные больницы",|,"Limbus Cloud решает ключевую проблему африканского здравоохранения — нехватку радиологов, особенно в удаленных регионах, позволяя эффективно распределять экспертные кадры с помощью облачных технологий. ",|,,|,https://limbus.ai/ ,ЮАР
ЮАР,Vula Mobile,|,Мобильное медицинское приложение (mHealth) для телемедицины и клинической поддержки,|,Информация не разглашается публично. Является коммерческим продуктом компании Vula Mobile (Pty) Ltd.,|,Телемедицина,|,"Мобильное программное обеспечение (приложение для смартфонов), платформа для коммуникации и управления данными.",|,"• Защищенный обмен сообщениями и данными о пациентах.
• Интеграция с камерой телефона для захвата и передачи медицинских изображений (например, глазного дна, кожных поражений, рентгеновских снимков).
• Справочники и руководства по различным медицинским специальностям.
• Система направлений с отслеживанием статуса.
• Доступность без постоянного интернета (частично).
• Простой и интуитивно понятный интерфейс, адаптированный для условий с ограниченными ресурсами.",|,Используется,|,"Частные клиники, государственные больницы",|,,|,,|,https://www.vulamedical.com/stories#news-and-media ,ЮАР
Индонезия,Harrison.ai,|,AI-решение для радиологии и патологии,|,,|,"КТ, Рентген",|,Компьютерное зрение,|,"- Широкий охват патологий: Annalise CXR обнаруживает более 120 находок на рентгене грудной клетки
- Комплексность: Решения для различных модальностей (X-Ray, CT)
- Клиническая интеграция: Встраивается в рабочий процесс радиолога
- Подтвержденная точность: Результаты валидированы в клинических исследованиях",|,Пилотирование,|,По соглашению,|,,|,,|,https://harrison.ai/about-us/ ,Австралия
Индонезия,PT Teleradiologi Center Indonesia (TCI) ,|,Телерентген диагностические услуги,|,,|,Рентген грудной клетки,|,Компьютерное зрение,|,"Телерадиология, интеграция c PACS",|,Используется,|,"Частные клиники, государственные больницы",|,,|,,|,https://tcihealth.co.id/uploadfile/board/pdf_id/0a2posy1.pdf,Индонезия
Индонезия,Segen Medical Nasional,|,Дистрибуция медицинского оборудования и программного обеспечения (включая SaaS/SaMD) RIS/PACS решение с ИИ компонентами,|,,|,Телемедицина,|,AI-модули для оптимизации работы с изображениями,|,"1) Крупный дистрибьютор: Ключевой партнер для многих глобальных брендов на индонезийском рынке. 2) Локализация и поддержка: Обеспечивает локальную техническую поддержку, обучение и соблюдение регуляторных требований BPOM RI 3) Segen Medical Nasional — компания, занимающаяся дистрибуцией медицинского оборудования и устройств в Индонезии, таких как Enterprise RIS-PACS, телерадиологические системы, искусственный интеллект и другие цифровые решения для сферы здравоохранения. ",|,Используется,|,"Частные клиники, государственные больницы",|,,|,,|,https://www.segenmedicalnasional.com/pacs-distributor-terbaik-di-indonesia,Индонезия
Индонезия ,CAD4TB (Delft.care),|,SaaS (Software as a Medical Device - SaMD) / Решение для поддержки принятия решений (Clinical Decision Support),|,,|,Рентген грудной клетки,|,"Искусственный интеллект (ИИ), компьютерная диагностика (CAD)",|,"1) Узкоспециализированный фокус: Один из самых известных в мире ИИ-инструментов для скрининга туберкулеза.
2) Интеграция в мобильные клиники: Часто используется в составе мобильных рентген-установок для массового скрининга в труднодоступных районах.
3) Триаж и приоритизация: Помогает быстро идентифицировать пациентов с высокой вероятностью ТБ для дальнейшего тестирования (например, молекулярно-генетического).
4) Соответствие стандартам ВОЗ: Широко используется в глобальных программах по борьбе с туберкулезом.",|,Используется,|,"Частные клиники, государственные больницы",|,,|,,|,https://delft.care/indonesia/,Нидерланды
Индонезия,Mediplus Indonesia,|,Медицинские цифровые решения,|,,|,Лучевая диагностика,|,Интегрированные решения на базе ИИ,|,Локальный производитель и поставщик,|,Используется,|,"Частные клиники, государственные больницы",|,,|,,|,https://ensun.io/company/mediplus-indonesia-67aeb857edffe25e06d0af26,Индонезия
Россия ,Sciberia ,|, Комплекс программных модулей для анализа медицинских изображений с помощью ИИ,|,"Есть регистрация, конкретный номер не найден",|,"КТ, МРТ, Рентген",|,Компьютерное зрение,|,"Высокая точность семантической сегментации, быстрый анализ (>15 с), комплексное интеграционное решение",|,Используется,|,Облачная платформа,|,презентация: https://www.itmportal.ru/upload/iblock/63d/rjywvyr88834cl7es5z11cybz31cuajh/Sciberia.pdf ,|,,|,\https://sciberia.io/ru https://sciberia.ru/news/ ,Россия
Россия ,Анализ флюорограм ,|,Сервис для анализа цифровых флюорограмм,|,- (не найден) ,|,Флюорография,|,Компьютерное зрение,|,Автоматическое распознавание патологий легких ,|,Используется,|,Облачная платформа,|,научка: https://stm-journal.ru/ru/numbers/2023/4/1836/html ,|,,|,http://www.ftizisbiomed.ru/ ,Россия 
Россия,Doctor AIzimov,|,Анализирует снимки компьютерной томографии на предмет онкологической патологии,|,Свидетельство ЭЛ № ФС 77*** ,|,КТ грудной клетки ,|,Компьютерное зрение,|,"Высокая точность, диагностика узлов всего за 20 секунд ",|,Используется,|,"Частные клиники, государственные больницы",|,научка: https://practical-oncology.ru/articles/656.pdf ,|,,|,https://medrussia.org/25853-rossiyskie-uchyonie-2/ ,Россия 
Россия ,Oxygen Technologies,|,ИИ-система для анализа рентгенограмм органов грудной клетки,|,- (не найден) ,|,Рентген органов грудной клетки,|,Компьютерное зрение,|,Повышение точности и скорости анализа рентгенов,|,Используется,|,Облачная платформа,|,новость: https://i.moscow/company/projects/6573a1a5242c44779bc8b42391d297c5 ,|,,|,https://oxytech.io/ru/ ,Россия 
Россия ,DigiPax,|,PACS/RIS-система с использованием ИИ для анализа радиологических изображений  ,|,- (не найдена) ,|,Рентген,|,Компьютерное зрение,|,Интеграция PACS/RIS с анализом изображений,|,Используется,|,"Частные клиники, государственные больницы",|,презентация: https://www.itmportal.ru/dl/2023/09/%D0%9F%D1%80%D0%B5%D0%B7%D0%B5%D0%BD%D1%82%D0%B0%D1%86%D0%B8%D1%8F-%D0%A0%D0%A2%D0%9A-%D0%A0%D0%B0%D0%B4%D0%B8%D0%BE%D0%BB%D0%BE%D0%B3%D0%B8%D1%8F-DIGIPAX.pdf ,|,,|,http://digipax.ru/ ,Россия 
Россия,Z-Med,|,Анализ рентгенограмм и КТ на основе ИИ,|,?,|,"КТ, МРТ, Рентген",|,Компьютерное зрение,|,"Классификация заболеваний, сегментация поражений с подсчётом объёма и процента поражения, высокоточные алгоритмы, поддержка совместной работы врачей и исследователей, возможность анализа комплексных медицинских данных.",|,Используется,|,"Частные клиники, государственные больницы",|,новость: https://webiomed.ru/blog/obzor-rossiiskikh-sistem-iskusstvennogo-intellekta-dlia-zdravookhraneniia/ ,|,,|,https://zmed.z-union.ru/ ,Россия 